TxnDate,AccountNumber,AccountName,Debit,Credit,Currency,PeriodEnd
2023-12-31,1100,Trade and Other Receivables,5100000000.0,0.0,USD,2023-12-31
2023-12-31,4000,Revenues,0.0,5100000000.0,USD,2023-12-31
2023-12-31,5000,Cost of Goods Sold,2856000000.0,0.0,USD,2023-12-31
2023-12-31,2000,Accounts Payable,0.0,2856000000.0,USD,2023-12-31
2023-12-31,5100,Distribution Expenses,255000000.0,0.0,USD,2023-12-31
2023-12-31,2000,Accounts Payable,0.0,255000000.0,USD,2023-12-31
2023-12-31,5200,Marketing and Administration,816000000.0,0.0,USD,2023-12-31
2023-12-31,2000,Accounts Payable,0.0,816000000.0,USD,2023-12-31
2023-12-31,5300,Research and Development,153000000.0,0.0,USD,2023-12-31
2023-12-31,2000,Accounts Payable,0.0,153000000.0,USD,2023-12-31
2023-12-31,6000,Interest Expense,160000000.0,0.0,USD,2023-12-31
2023-12-31,2000,Accounts Payable,0.0,160000000.0,USD,2023-12-31
2023-12-31,5350,Depreciation Expense,280000000.0,0.0,USD,2023-12-31
2023-12-31,1590,Accumulated Depreciation,0.0,280000000.0,USD,2023-12-31
2023-12-31,3100,Retained Earnings,133980000.0,0.0,USD,2023-12-31
2023-12-31,1000,Cash,0.0,133980000.0,USD,2023-12-31
2024-12-31,1100,Trade and Other Receivables,5355000000.0,0.0,USD,2024-12-31
2024-12-31,4000,Revenues,0.0,5355000000.0,USD,2024-12-31
2024-12-31,5000,Cost of Goods Sold,2998800000.0,0.0,USD,2024-12-31
2024-12-31,2000,Accounts Payable,0.0,2998800000.0,USD,2024-12-31
2024-12-31,5100,Distribution Expenses,267750000.0,0.0,USD,2024-12-31
2024-12-31,2000,Accounts Payable,0.0,267750000.0,USD,2024-12-31
2024-12-31,5200,Marketing and Administration,856800000.0,0.0,USD,2024-12-31
2024-12-31,2000,Accounts Payable,0.0,856800000.0,USD,2024-12-31
2024-12-31,5300,Research and Development,160650000.0,0.0,USD,2024-12-31
2024-12-31,2000,Accounts Payable,0.0,160650000.0,USD,2024-12-31
2024-12-31,6000,Interest Expense,158400000.0,0.0,USD,2024-12-31
2024-12-31,2000,Accounts Payable,0.0,158400000.0,USD,2024-12-31
2024-12-31,5350,Depreciation Expense,285600000.0,0.0,USD,2024-12-31
2024-12-31,1590,Accumulated Depreciation,0.0,285600000.0,USD,2024-12-31
2024-12-31,3100,Retained Earnings,144837000.0,0.0,USD,2024-12-31
2024-12-31,1000,Cash,0.0,144837000.0,USD,2024-12-31
2025-12-31,1100,Trade and Other Receivables,5610000000.0,0.0,USD,2025-12-31
2025-12-31,4000,Revenues,0.0,5610000000.0,USD,2025-12-31
2025-12-31,5000,Cost of Goods Sold,3141600000.0,0.0,USD,2025-12-31
2025-12-31,2000,Accounts Payable,0.0,3141600000.0,USD,2025-12-31
2025-12-31,5100,Distribution Expenses,280500000.0,0.0,USD,2025-12-31
2025-12-31,2000,Accounts Payable,0.0,280500000.0,USD,2025-12-31
2025-12-31,5200,Marketing and Administration,897600000.0,0.0,USD,2025-12-31
2025-12-31,2000,Accounts Payable,0.0,897600000.0,USD,2025-12-31
2025-12-31,5300,Research and Development,168300000.0,0.0,USD,2025-12-31
2025-12-31,2000,Accounts Payable,0.0,168300000.0,USD,2025-12-31
2025-12-31,6000,Interest Expense,156800000.0,0.0,USD,2025-12-31
2025-12-31,2000,Accounts Payable,0.0,156800000.0,USD,2025-12-31
2025-12-31,5350,Depreciation Expense,291200000.0,0.0,USD,2025-12-31
2025-12-31,1590,Accumulated Depreciation,0.0,291200000.0,USD,2025-12-31
2025-12-31,3100,Retained Earnings,155694000.0,0.0,USD,2025-12-31
2025-12-31,1000,Cash,0.0,155694000.0,USD,2025-12-31
